{
    "CameraController": {
        "fovY": 1.562000036239624,
        "offset": [
            0.0,
            3.0,
            -8.0
        ],
        "rotate": [
            0.5099999904632568,
            0.0,
            0.0
        ]
    }
}
