{
    "controlPoint": {
        "point0": [
            5.099999904632568,
            2.0,
            16.100000381469727
        ],
        "point1": [
            26.700000762939453,
            8.699999809265137,
            9.800000190734863
        ],
        "point2": [
            16.399999618530273,
            6.199999809265137,
            28.600000381469727
        ],
        "point3": [
            4.300000190734863,
            3.4000000953674316,
            2.5999999046325684
        ],
        "point4": [
            5.099999904632568,
            2.0,
            16.100000381469727
        ]
    }
}
