{
    "player": {
        "color": [
            1.0,
            1.0,
            1.0,
            1.0
        ],
        "enableLighting": 1,
        "shininess": 10.0,
        "translate": [
            0.0,
            -3.5999999046325684,
            26.399999618530273
        ],
        "velocity": [
            5.0,
            5.0,
            0.0
        ]
    }
}
