{
    "player": {
        "bulletAliveRange": 19.100000381469727,
        "bulletPos": [
            3.1666669845581055,
            2.8999998569488525,
            35.03334045410156
        ],
        "color": [
            1.0,
            1.0,
            1.0,
            1.0
        ],
        "enableLighting": 1,
        "shininess": 10.0,
        "translate": [
            3.1666669845581055,
            -1.7000000476837158,
            16.700000762939453
        ],
        "velocity": [
            10.0,
            10.0,
            0.0
        ]
    }
}
