{
    "player": {
        "color": [
            1.0,
            1.0,
            1.0,
            1.0
        ],
        "enableLighting": 1,
        "light.color": [
            0.9607843160629272,
            0.8958178162574768,
            0.645232617855072,
            1.0
        ],
        "light.cosAngle": -0.8999999761581421,
        "light.cosFolloffStart": -1.2000000476837158,
        "light.direction": [
            0.19300000369548798,
            1.593000054359436,
            1.899999976158142
        ],
        "light.isBlinnPhong": 1,
        "shininess": 10.0,
        "translate": [
            -0.33333349227905273,
            -1.1843329668045044,
            22.200000762939453
        ],
        "velocity": [
            5.0,
            5.0,
            0.0
        ]
    }
}
