{
    "player": {
        "color": [
            1.0,
            1.0,
            1.0,
            1.0
        ],
        "enableLighting": 1,
        "light.cosAngle": -0.699999988079071,
        "light.cosFolloffStart": -1.0,
        "light.direction": [
            0.19300000369548798,
            1.593000054359436,
            1.899999976158142
        ],
        "shininess": 10.0,
        "translate": [
            0.0,
            -2.1010000705718994,
            22.200000762939453
        ],
        "velocity": [
            5.0,
            5.0,
            0.0
        ]
    }
}
