{
    "Player": {
        "testFloat": 86.35399627685547,
        "testInt": 21,
        "testVector3": [
            10.0,
            0.19599999487400055,
            10.0
        ]
    }
}
