{
    "railCamera": {
        "rotate": [
            1.2999999523162842,
            0.0,
            0.0
        ],
        "translate": [
            23.799999237060547,
            33.900001525878906,
            0.0
        ]
    }
}
